Column1,Column2,Column3,Column4,Column5
0.0,0.0,0.0,0.0,0.0
0.0334001336005344,0.02875140681592308,0.02734649369561186,0.027822616500034886,0.02967092692312716
0.0668002672010688,0.057082631782293544,0.05420007494520782,0.05523111313065137,0.05901253191786815
0.10020040080160321,0.0850000674011855,0.08056986548608364,0.08223184042382224,0.08802861563401035
0.1336005344021376,0.1125100086796634,0.1064648180278975,0.10883105131648384,0.11672293465345736
0.16700066800267202,0.13961865461697764,0.13189371938501843,0.13503490265064194,0.14509920200151927
0.20040080160320642,0.1663321096690738,0.15686519355082684,0.16084945665041958,0.17316108765227028
0.23380093520374082,0.1926563851907623,0.18138770471504373,0.18628068237640136,0.20091221902804235
0.2672010688042752,0.21859740085588858,0.20546956022514312,0.21133445715762295,0.22835618149312303
0.30060120240480964,0.24416098605583966,0.2291189134928851,0.2360165680015497,0.2554965188417249
0.33400133600534404,0.26935288127671764,0.2523437668469859,0.2603327129823825,0.2823367337802928
0.36740146960587844,0.29417873945550543,0.2751519743329232,0.284288502608024,0.3088802884042144
0.40080160320641284,0.31864412731554514,0.29755124446085646,0.30788946116603366,0.335130604669
0.4342017368069472,0.34275452668164474,0.3195491429026238,0.3311410280488934,0.36109106485599446
0.46760187040748163,0.36651533577512374,0.34115309513875886,0.3540485590589034,0.3867650120326855
0.501002004008016,0.38993187048910427,0.36237038905645447,0.37661732769302037,0.41215575050767084
0.5344021376085504,0.4130093656443479,0.38320817749938135,0.3988525264079461,0.4372665462803462
0.5678022712090848,0.4357529762259363,0.4036734807702546,0.42075926786577106,0.4621006274853756
0.6012024048096193,0.45816777860108654,0.42377318908702377,0.4423425861604708,0.486661184832004
0.6346025384101537,0.4802587717183904,0.44351406499354507,0.4636074380255503,0.5109513720382725
0.6680026720106881,0.5020308782887595,0.46290274572558043,0.4845587040231255,0.5349743062601955
0.7014028056112225,0.5234889459483562,0.48194574553295055,0.5052011897147275,0.5587330685159575
0.7348029392117569,0.5446377484037849,0.5006494579586541,0.5255396268141105,0.5822307041051883
0.7682030728122912,0.5654819865598145,0.519020158075752,0.54557867432234,0.6054702230233727
0.8016032064128257,0.5860262896298981,0.5370640046827977,0.5653229196454336,0.6284546003714522
0.8350033400133601,0.6062752162297523,0.5547870424585831,0.5847768796948224,0.6511867767606728
0.8684034736138944,0.6262332554542553,0.5721952040769533,0.6039450019708981,0.6736696587127372
0.9018036072144289,0.6459048279379175,0.5892943122824297,0.6228316656299036,0.6959061190553121
0.9352037408149633,0.665294286899175,0.6060900819273695,0.6414411825344257,0.7178989973129469
0.9686038744154978,0.6844059191687544,0.6225881219713726,0.6597777982877404,0.739651100093457
1.002004008016032,0.7032439462023491,0.6387939374436362,0.6778456932522587,0.7611652014698226
1.0354041416165665,0.7218125250778492,0.6547129313689443,0.6956489835523192,0.7824440433576573
1.0688042752171008,0.7401157494773588,0.6703504066579639,0.7131917220615653,0.8034903358882962
1.1022044088176353,0.7581576506542335,0.685711567962513,0.7304778993751471,0.8243067577775552
1.1356045424181695,0.7759421983853668,0.7008015234964463,0.7475114447669783,0.8448959566902112
1.169004676018704,0.7934733019089497,0.7156252868227965,0.7642962271322801,0.8652605496002533
1.2024048096192386,0.8107548108479253,0.7301877786077975,0.7808360559156365,0.8854031231469541
1.2358049432197729,0.8277905161193577,0.7444938283424029,0.7971346820247859,0.905326233986809
1.2692050768203074,0.8445841508299279,0.7585481760319013,0.8131957987303644,0.9250324091413921
1.3026052104208417,0.8611393911577707,0.7723554738542207,0.8290230425518222,0.9445241463411753
1.3360053440213762,0.8774598572208595,0.7859202877875013,0.8446199941297208,0.9638039143653593
1.3694054776219104,0.893549113932144,0.7992470992075075,0.8599901790846216,0.9828741533777592
1.402805611222445,0.9094106718416443,0.8123403064554361,0.8751370688627753,1.0017372752587954
1.4362057448229792,0.925047987965699,0.8252042263766716,0.8900640815688091,1.02039566393363
1.4696058784235138,0.9404644666035636,0.837843095831025,0.9047745827856168,1.038851675696497
1.5030060120240483,0.955663460141553,0.8502610731749858,0.9192718863816454,1.0571076395312689
1.5364061456245823,0.9706482698449164,0.862462239716505,0.9335592553057737,1.0751658574283036
1.5698062792251168,0.9854221466376336,0.8744506011428194,0.9476399023699723,1.0930286046976148
1.6032064128256514,0.999988291870316,0.8862300889218148,0.9615169910199338,1.1106981302784091
1.6366065464261859,1.0143498580763934,0.8978045616774207,0.9751936360938571,1.1281766570450305
1.6700066800267201,1.0285099497167662,0.9091778065395163,0.9886729045695694,1.145466382109355
1.7034068136272544,1.042471623913098,0.9203535404688199,1.0019578163001635,1.1625694771196784
1.7368069472277887,1.0562378911699233,0.9313354115572271,1.0150513447383274,1.1794880885561334
1.7702070808283232,1.0698117160857386,0.9421270003040506,1.0279564176495417,1.1962243380226805
1.8036072144288577,1.083196018053248,0.9527318208686097,1.040675917814313,1.2127803225357092
1.837007348029392,1.0963936719489258,0.9631533222996068,1.0532126837196143,1.2291581148092936
1.8704074816299265,1.1094075088120603,0.9733948897417222,1.0655695102396963,1.2453597635371345
1.903807615230461,1.122240316513441,0.983459845619848,1.0777491493064348,1.2613872936712325
1.9372077488309956,1.1348948404138428,0.9933514508013768,1.0897543105693752,1.2772427066973264
1.9706078824315296,1.1473737840124687,1.0030729057369507,1.1015876620456289,1.292927980907136
2.004008016032064,1.1596798095854979,1.0126273515800712,1.1132518307597818,1.3084450716674465
2.0374081496325984,1.1718155388148952,1.0220178712859598,1.1247494033739678,1.3237959116860698
2.070808283233133,1.1837835534076284,1.031247490690055,1.136082926808256,1.3389824112747195
2.104208416833667,1.1955863957054391,1.0403191795665252,1.147254908851501,1.3540064586088372
2.1376085504342015,1.207226569285312,1.0492358526671617,1.1582678187628073,1.3688699199844028
2.171008684034736,1.218706539550786,1.058000370741023,1.1691240878637454,1.3835746400717652
2.2044088176352705,1.230028734314243,1.0666155415351806,1.1798261101214662,1.398122442166528
2.237808951235805,1.2411955443703169,1.0750841207769217,1.190376242722853,1.412515128437523
2.271209084836339,1.2522093240605525,1.0834088131377488,1.2007768066398465,1.4267544801719088
2.3046092184368736,1.2630723918294542,1.0915922731795138,1.2110300871860828,1.440842258017423
2.338009352037408,1.2737870307720507,1.099637106283021,1.221138334564973,1.454780202221824
2.3714094856379426,1.2843554891731077,1.1075458695594207,1.231103764409359,1.4685700328695566
2.404809619238477,1.2947799810381144,1.1153210727447114,1.2409285583128753,1.4822134501156683
2.4382097528390116,1.3050626866161723,1.122965179077668,1.250614864353143,1.4957121344170137
2.4716098864395457,1.3152057529149048,1.1304806061614998,1.260164797606919,1.5090677467607758
2.5050100200400807,1.325211294207515,1.1378697268095388,1.2695804406573326,1.5222819288903346
2.5384101536406147,1.335081392532107,1.1451348698752588,1.278863844093319,1.5353563035285163
2.571810287241149,1.344818098183391,1.1522783210669105,1.2880170270013813,1.5482924745982511
2.6052104208416833,1.3544234301968883,1.1593023237470614,1.2970419774497903,1.5610920274406719
2.6386105544422174,1.363899376825749,1.166209079717319,1.305940652965343,1.5737565290306803
2.6720106880427523,1.3732478960102972,1.173000749988511,1.3147149810027936,1.5862875281900135
2.7054108216432864,1.3824709158404134,1.1796794555365924,1.323366859407067,1.5986865557978378
2.738810955243821,1.3915703350108635,1.1862472780445468,1.33189815686837,1.6109551249988985
2.7722110888443554,1.4005480232696814,1.1927062606305363,1.3403107133703045,1.623094731409255
2.80561122244489,1.4094058218597139,1.1990584085625589,1.3486063406310946,1.6351068533196291
2.8390113560454244,1.4181455439534278,1.205305689959862,1.3567868225380324,1.6469929518963922
2.8724114896459585,1.4267689750810861,1.2114500364813576,1.3648539155752424,1.6587544713802225
2.905811623246493,1.4352778735523917,1.2174933440012798,1.372809349244875,1.6703928392824556
2.9392117568470275,1.4436739708717,1.2234374732723217,1.3806548264818226,1.6819094665791579
2.972611890447562,1.4519589721468962,1.2292842505764823,1.3883920240620637,1.693305747902947
3.0060120240480965,1.4601345564920387,1.2350354683638534,1.3960225930047288,1.704583061732587
3.03941215764863,1.4682023774238568,1.2406928858795678,1.4035481589679857,1.7157427705803847
3.0728122912491647,1.476164063252202,1.2462582297791303,1.4109703226388421,1.7267862211774094
3.1062124248496996,1.4840212174645435,1.2517331947323436,1.4182906601169543,1.7377147446565655
3.1396125584502337,1.491775419104598,1.257119444016045,1.4255107232925366,1.7485296567335402
3.173012692050768,1.499428223145184,1.2624186100958554,1.4326320402184634,1.7592322578856512
3.2064128256513027,1.5069811608553878,1.267632295197152,1.43965611547665,1.7698238335286198
3.2398129592518368,1.5144357401621296,1.2727620718654553,1.4465844305388043,1.7803056541912925
3.2732130928523717,1.521793446006214,1.277809483516435,1.453418444121629,1.7906789756883357
3.306613226452906,1.529055740692949,1.2827760449757206,1.4601595925365694,1.8009450392909263
3.3400133600534403,1.536224064237417,1.28766324300871,1.4668092900341814,1.8111050718954615
3.373413493653975,1.5432998347044777,1.29247253684056,1.4733689291432075,1.821160286190312
3.406813627254509,1.550284448543586,1.2972053586665393,1.4798398810044413,1.8311118808206388
3.440213760855044,1.557179280918502,1.3018631141529242,1.4862234956994596,1.8409610405512993
3.4736138944555774,1.563985686031972,1.3064471829286135,1.492521102574302,1.8507089364278624
3.507014028056112,1.5707049974454552,1.3109589190676307,1.4987340105581746,1.8603567259357543
3.5404141616566465,1.5773385283939747,1.315399651562686,1.504863508477256,1.8699055531575601
3.573814295257181,1.583887572096166,1.3197706847899617,1.5109108653636787,1.8793565489284976
3.6072144288577155,1.5903534020595937,1.3240732989652855,1.5168773307597625,1.8887108309900897
3.6406145624582495,1.5967372723814144,1.328308750591848,1.5227641350175702,1.8979695041420515
3.674014696058784,1.603040418044449,1.3324782728996267,1.5285724895938595,1.9071336603924158
3.7074148296593186,1.609264055208743,1.336583076276663,1.5343035873405015,1.9162043791059178
3.740814963259853,1.6154093814986747,1.340624348692349,1.5399586027904342,1.9251827271506559
3.7742150968603876,1.621477576285689,1.3446032561128707,1.5455386924392223,1.9340697590430536
3.807615230460922,1.627469800966713,1.3485209429089497,1.5510449950222878,1.942866517091136
3.841015364061456,1.633387199238329,1.3523785322560329,1.5564786317878796,1.9515740315361467
3.874415497661991,1.6392308973667624,1.3561771265270612,1.5618407067658475,1.9601933206925208
3.907815631262525,1.645002004453752,1.3599178076779632,1.5671323070322858,1.9687253910862326
3.9412157648630592,1.6507016126983658,1.3636016376260043,1.5723545029701065,1.9771712375915393
3.9746158984635938,1.6563307976548203,1.3672296586211232,1.5775083485256103,1.9855318435661378
4.008016032064128,1.6618906184863704,1.3708028936103875,1.5825948814611124,1.9938081809847532
4.041416165664662,1.6673821182153234,1.3743223465956964,1.5876151236036846,2.002001210571177
4.074816299265197,1.6728063239692414,1.3777890029848532,1.5925700810900758,2.010111881928773
4.108216432865731,1.6781642472233866,1.3812038299361327,1.5974607446078657,2.018141133669471
4.141616566466266,1.6834568840394686,1.384567776696462,1.602288089632914,2.0260898935412603
4.1750167000668,1.6886852153007512,1.3878817749333363,1.6070530766631583,2.0339590785542074
4.208416833667334,1.6938502069435708,1.3911467390605818,1.6117566514488184,2.0417495951050086
4.2418169672678685,1.6989528101853244,1.3943635665580831,1.616399745219063,2.0494623391001
4.275217100868403,1.703993961748979,1.3975331382855845,1.6209832749051916,2.057098196077337
4.3086172344689375,1.708974584084158,1.4006563187906764,1.6255081433603862,2.0646580413262616
4.342017368069472,1.7138955855848526,1.4037339566110751,1.6299752395760851,2.072142740006979
4.375417501670006,1.7187578608038148,1.406766884571299,1.6343854388950312,2.079553147267648
4.408817635270541,1.7235622906636776,1.4097559200738485,1.6387396032210446,2.086890108360612
4.442217768871076,1.728309742664856,1.4127018653849897,1.6430385812255726,2.094154458757182
4.47561790247161,1.7330010710902775,1.415605507915241,1.647283208551063,2.1013470242610905
4.509018036072145,1.7376371172069873,1.4184676204946631,1.6514743080112124,2.108468621120622
4.542418169672678,1.7422187094646806,1.421288961643047,1.6556126897881358,2.115520056139449
4.575818303273213,1.7467466636912043,1.4240702758350936,1.659699151626507,2.1225021267861806
4.609218436873747,1.751221783285079,1.4268122937606824,1.6637344790247128,2.129415621302636
4.642618570474282,1.7556448594050806,1.429515732580313,1.6677194454230717,2.1362613188108677
4.676018704074816,1.7600166711569343,1.432181296175816,1.6716548123891555,2.14303998941894
4.709418837675352,1.7643379857771573,1.4348096753964164,1.6755413298002668,2.149752394325479
4.742818971275885,1.7686095588140986,1.4374015483002374,1.6793797360231093,2.1563992859230092
4.77621910487642,1.7728321343062172,1.4399575803913278,1.683170758090696,2.162981407900097
4.809619238476954,1.777006444957641,1.442478424852299,1.6869151118765398,2.169499495342302
4.843019372077489,1.7811332123110468,1.4449647227726488,1.6906135022661652,2.175954274831958
4.876419505678023,1.7852131469179033,1.4474171033728547,1.694266623325985,2.1823464645468014
4.909819639278557,1.7892469485061189,1.4498361842243153,1.69787515846958,2.18867677435745
4.943219772879091,1.7932353061451292,1.4522225714652142,1.7014397806214232,2.1949459059237517
4.976619906479626,1.7971788984084691,1.4545768600123847,1.7049611523780883,2.201154552790018
5.010020040080161,1.8010783935338637,1.4568996337692484,1.7084399261669792,2.20730340047915
5.043420173680696,1.804934449580876,1.4591914658298994,1.7118767444026202,2.213393126585671
5.0768203072812295,1.8087477145861521,1.4614529186794072,1.715272239640544,2.2194244008676836
5.110220440881763,1.8125188267162975,1.463684544390408,1.718627034728814,2.2253978853377587
5.143620574482298,1.8162484144184203,1.465886884816052,1.7219417429572172,2.2313142343527668
5.177020708082832,1.8199370965683788,1.4680604717793755,1.7252169682041656,2.237174094702669
5.210420841683367,1.8235854826167683,1.4702058272591638,1.7284533050813373,2.242978105698279
5.2438209752839,1.8271941727326804,1.4723234635723697,1.731651339076096,2.248726899258008
5.277221108884435,1.830763757945268,1.4744138835531506,1.7348116466917205,2.2544210999935976
5.31062124248497,1.8342948202831546,1.4764775807285901,1.73793479558548,2.2600613252948616
5.344021376085505,1.8377879329117124,1.47851503949116,1.741021344704585,2.265648185413446
5.377421509686039,1.84124366026825,1.4805267352679883,1.7440718444200505,2.271182283545615
5.410821643286573,1.8446625581951357,1.482513134686991,1.7470868366585004,2.2766642159140753
5.444221776887107,1.8480451740708916,1.4844746957399235,1.7500668550319471,2.2820945718488543
5.477621910487642,1.851392046939287,1.4864118679424112,1.7530124249655752,2.287473933867238
5.511022044088176,1.8547037076364625,1.4883250924910143,1.755924063823561,2.2928028777527807
5.544422177688711,1.8579806789161162,1.4902148024173827,1.7588022810329589,2.2980819726334
5.577822311289244,1.8612234755727788,1.4920814227395525,1.7616475782056835,2.3033117810585626
5.61122244488978,1.8644326045632094,1.493925370610441,1.7644604492586164,2.3084928590755793
5.644622578490314,1.867608565125938,1.4957470554635877,1.767241380531867,2.3136257563050093
5.678022712090849,1.8707518488989865,1.4975468791561957,1.7699908509052138,2.3187110160151945
5.711422845691383,1.873862940035793,1.4993252361095228,1.77270933191276,2.323749175195925
5.744822979291917,1.8769423153193663,1.5010825134466685,1.7753972878558233,2.3287407646312523
5.7782231128924515,1.8799904442747026,1.502819091127811,1.778055175914091,2.3336863089714575
5.811623246492986,1.8830077892794834,1.5045353420829353,1.7806834462550676,2.3385863268041835
5.8450233800935205,1.885994805673088,1.5062316323421028,1.7832825421418395,2.343441330724742
5.878423513694055,1.8889519418639413,1.5079083211633066,1.7858529000391834,2.348251827405607
5.911823647294589,1.8918796394352237,1.5095657611579583,1.7883949497180438,2.353018317665097
5.945223780895124,1.8947783332489714,1.5112042984140475,1.7909091143584042,2.3577412965352655
5.9786239144956586,1.8976484515485847,1.5128242726170205,1.7933958106505772,2.3624212533290025
6.012024048096193,1.9004904160597762,1.514426017168418,1.7958554488949394,2.3670586717063555
6.045424181696727,1.9033046420899764,1.5160098593023157,1.7982884331001294,2.371654029740082
6.07882431529726,1.9060915386262252,1.5175761201996045,1.800695161079741,2.376207799980441
6.112224448897795,1.9088515084315683,1.519125115100156,1.8030760245475266,2.3807204495192367
6.145624582498329,1.911584948139984,1.5206571534129063,1.8054314092111392,2.385192440053112
6.179024716098864,1.9142922483498628,1.5221725388239034,1.8077616948644333,2.389624227946113
6.212424849699399,1.9169737937160591,1.5236715694023486,1.8100672554783457,2.3940162642915257
6.245824983299934,1.919629963040541,1.5251545377046745,1.8123484592903814,2.3983689949729965
6.279225116900467,1.9222611293616543,1.5266217308766952,1.8146056688927226,2.4026828607249415
6.312625250501002,1.924867660042029,1.528073430753862,1.8168392413189838,2.406958297192257
6.346025384101536,1.9274499168551404,1.529509913959661,1.8190495281296342,2.411195734989335
6.379425517702071,1.930008256070554,1.5309314520021897,1.8212368754961055,2.4153955997583965
6.412825651302605,1.9325430285378666,1.5323383113689402,1.8234016242836082,2.4195583122271462
6.446225784903139,1.935054579769369,1.5337307536198292,1.8255441101326741,2.423684288265759
6.4796259185036735,1.937543250021447,1.5351090354785026,1.8276646635394471,2.427773938943204
6.513026052104208,1.9400093743747402,1.5364734089219476,1.8297636099347374,2.431827670582917
6.546426185704743,1.9424532828130803,1.537824121268445,1.831841269761862,2.435845884817827
6.579826319305278,1.9448753003012227,1.539161415263891,1.8338979585532895,2.4398289786447416
6.613226452905812,1.9472757468613926,1.540485529166521,1.8359339870061049,2.4437773444781046
6.646626586506346,1.9496549376486656,1.54179669683006,1.837949661056316,2.4476913702031275
6.680026720106881,1.9520131830251966,1.543095147785336,1.8399452819520168,2.451571439228307
6.713426853707415,1.9543507886333165,1.5443811073203777,1.841921146325427,2.4554179305373305
6.74682698730795,1.9566680554675142,1.5456547965590297,1.8438775462638237,2.459231218740381
6.780227120908483,1.9589652799453217,1.5469164325381106,1.845814769379383,2.463011674124845
6.813627254509018,1.9612427539771153,1.548166228283141,1.8477330988779481,2.466759662705437
6.847027388109553,1.9635007650348553,1.549404392882668,1.8496328136267404,2.4704755462737342
6.880427521710088,1.965739596219774,1.5506311315612125,1.8515141882210298,2.4741596824471452
6.913827655310622,1.9679595263290328,1.5518466457508653,1.8533774930497804,2.477812424717304
6.947227788911155,1.9701608299213633,1.5530511331615549,1.8552229943602867,2.481434122497907
6.980627922511689,1.9723437773817056,1.5542447878500147,1.857050954321817,2.48502512117199
7.014028056112224,1.9745086349848606,1.5554278002874715,1.858861631088278,2.4885857621386624
7.047428189712758,1.976655664958173,1.556600357426079,1.860655278859916,2.492116382859296
7.080828323313293,1.978785125543256,1.5577626427641218,1.8624321479440717,2.4956173169031772
7.1142284569138265,1.9808972710567763,1.5589148364100098,1.864192484814998,2.4990888939926323
7.147628590514362,1.9829923519503103,1.5600571151450866,1.8659365321727601,2.502531440047626
7.1810287241148965,1.9850706148692887,1.561189652485274,1.8676645290012313,2.5059452772298454
7.214428857715431,1.9871323027110412,1.5623126187415755,1.869376710625195,2.5093307239862703
7.2478289913159655,1.9891776546819557,1.5634261810794572,1.8710733087665707,2.51268809509224
7.281229124916499,1.9912069063537654,1.5645305035771289,1.8727545515997754,2.5160177016940186
7.314629258517034,1.9932202897189786,1.5656257472827442,1.8744206638062335,2.5193198513508674
7.348029392117568,1.995218033245461,1.5667120702705415,1.8760718666280498,2.5225948480766283
7.381429525718103,1.9972003619301872,1.567789627695945,1.877708377920857,2.5258429923808268
7.414829659318637,1.9991674973521716,1.5688585718496442,1.8793304122058507,2.5290645813092967
7.4482297929191725,2.0011196577245904,1.5699190522106694,1.880938180721025,2.532259908484332
7.481629926519706,2.003057057946113,1.5709712154984878,1.88253189147162,2.5354292641443754
7.515030060120241,2.0049799096514427,1.5720152057241297,1.8841117492797952,2.5385729351832467
7.548430193720775,2.0068884212610962,1.5730511642403702,1.8856779558335375,2.541691205188912
7.58183032732131,2.008782798030415,1.5740792297909798,1.887230709734819,2.544784354481808
7.615230460921844,2.0106632420978348,1.575099538559063,1.8887702065470147,2.5478526601527185
7.648630594522378,2.012529952532415,1.5761122242144991,1.8902966388415885,2.5508963961002147
7.682030728122912,2.014383125380647,1.5771174179605079,1.8918101962440668,2.5539158330676557
7.715430861723447,2.0162229537125436,1.5781152485793475,1.8933110654793004,2.556911238679765
7.748830995323982,2.018049627667031,1.5791058424771693,1.8947994304160336,2.5598828774787807
7.782231128924517,2.0198633344966437,1.5800893237280396,1.896275472110787,2.5628310109601844
7.81563126252505,2.0216642586115388,1.5810658141171459,1.8977393688510673,2.5657558976080197
7.849031396125585,2.023452581622842,1.5820354331832034,1.8991912961979107,2.568657792929797
7.8824315297261185,2.025228482385328,1.582998298260074,1.9006314270277735,2.571536949490995
7.915831663326653,2.026992137039451,1.583954524517616,1.9020599315737807,2.5743936169491635
7.9492317969271875,2.0287437190527373,1.5849042250017746,1.9034769774663365,2.577228042087627
7.982631930527721,2.030483399260543,1.585847510673931,1.9048827297731148,2.5800404688487997
8.016032064128256,2.0322113459061897,1.5867844904495219,1.9062773510384323,2.5828311383671143
8.049432197728791,2.0339277246804914,1.5877152712359444,1.907661001322017,2.585600289001567
8.082832331329325,2.035632698760675,1.5886399579697554,1.9090338382371812,2.588348156367886
8.11623246492986,2.0373264288487096,1.5895586536531856,1.9103960169884084,2.5910749733703278
8.149632598530394,2.0390090732090482,1.590471459389974,1.9117476904083608,2.5937809702331016
8.183032732130929,2.0406807877057975,1.5913784744205388,1.9130890089943196,2.596466374531433
8.216432865731463,2.042341725839317,1.592279796156498,1.9144201209440637,2.599131411222263
8.249832999331996,2.043992038782264,1.5931755202145486,1.9157411721911985,2.6017763026745957
8.283233132932532,2.0456318754150833,1.5940657404497187,1.9170523064399405,2.604401268699489
8.316633266533065,2.047261382360961,1.5949505489880038,1.918353665199368,2.607006526579702
8.3500334001336,2.0488807040202404,1.5958300362583975,1.9196453878171444,2.6095922910989944
8.383433533734134,2.050489982604318,1.5967042910243285,1.920927611512724,2.6121587745710877
8.416833667334668,2.052089358169018,1.5975734004145168,1.9222004714100485,2.614706186868292
8.450233800935203,2.0536789686474597,1.5984374499532554,1.923464100569737,2.617234735449798
8.483633934535737,2.055258949882422,1.599296523590133,1.9247186300207868,2.619744625389642
8.517034068136272,2.056829435658218,1.6001507037292055,1.9259641887917818,2.622236059404347
8.550434201736806,2.058390557732079,1.6010000712576253,1.9272009039416245,2.6247092378802415
8.583834335337341,2.059942445865062,1.6018447055737426,1.928428900589794,2.6271643589004623
8.617234468937875,2.061485227852486,1.6026846846146838,1.9296483019461408,2.6296016182716464
8.65063460253841,2.063019029553902,1.6035200848834203,1.9308592293402203,2.632021209550308
8.684034736138944,2.0645439749226084,1.6043509814753352,1.9320618022501794,2.6344233240689134
8.71743486973948,2.0660601860347154,1.6051774481042966,1.9332561383311961,2.6368081509616537
8.750835003340011,2.067567783117765,1.60599955712825,1.934442353443484,2.639175877189915
8.784235136940547,2.0690668845789135,1.606817379574334,1.9356205616798643,2.6415266875674583
8.817635270541082,2.07055760703269,1.6076309851635324,1.9367908753929155,2.6438607647853
8.851035404141616,2.072040065328323,1.6084404423348686,1.9379534052217064,2.6461782894363126
8.884435537742151,2.0735143725766565,1.6092458182691518,1.9391082601181164,2.6484794400395324
8.917835671342685,2.074980640176652,1.6100471789122837,1.9402555473727523,2.6507643930641898
8.95123580494322,2.0764389778414905,1.6108445889981318,1.9413953726404665,2.653033322953459
8.984635938543754,2.0778894936242693,1.6116381120709804,1.9425278399654833,2.6552864021479308
9.01803607214429,2.0793322939433154,1.6124278105075653,1.9436530518061386,2.6575238011088183
9.051436205744823,2.0807674836071053,1.6132137455386992,1.9447711090592397,2.6597456883408865
9.084836339345356,2.0821951658388085,1.6139959772704975,1.9458821110840503,2.661952230415121
9.118236472945892,2.083615442300458,1.6147745647052099,1.9469861557259072,2.664143591991131
9.151636606546425,2.0850284131167465,1.6155495657616668,1.9480833393394739,2.666319935839294
9.18503674014696,2.0864341768984653,1.6163210372953458,1.9491737568116367,2.6684814228626434
9.218436873747494,2.0878328307655845,1.6170890351180673,1.9502575015840489,2.6706282121185003
9.25183700734803,2.0892244703699765,1.6178536140173245,1.9513346656753285,2.6727604608398563
9.285237140948563,2.090609189917801,1.6186148277752557,1.952405339702915,2.674878324456509
9.318637274549099,2.091987082191542,1.6193727291872642,1.9534696129045903,2.6769819566159496
9.352037408149632,2.0933582385717098,1.6201273700802943,1.9545275731596674,2.67907150920401
9.385437541750168,2.0947227490582137,1.6208788013307673,1.955579307009856,2.68114713236527
9.418837675350703,2.0960807022914087,1.6216270728821864,1.9566248996798046,2.6832089745232284
9.452237808951235,2.097432185572821,1.6223722337624147,1.9576644350973296,2.685257182400238
9.48563794255177,2.0987772848855535,1.623114332100633,1.9586979959133315,2.687291901037212
9.519038076152304,2.100116084914386,1.6238534151439834,1.9597256635214053,2.689313273813101
9.55243820975284,2.1014486690655665,1.6245895292739048,1.96074751807715,2.6913214424641416
9.585838343353373,2.1027751194862976,1.625322720022165,1.9617636385171822,2.6933165471028864
9.619238476953909,2.104095517083931,1.626053032086597,1.9627741025778542,2.6952987262370076
9.652638610554442,2.1054099415448646,1.6267805093465415,1.9637789868136888,2.697268116787888
9.686038744154978,2.106718471353154,1.6275051948780062,1.964778366615527,2.699224854108994
9.719438877755513,2.1080211838088405,1.6282271309685408,1.965772316228399,2.701169072004032
9.752839011356047,2.1093181550459947,1.6289463591318398,1.9667609087691205,2.7031009027448993
9.78623914495658,2.1106094600504934,1.629662920122072,1.9677442162436163,2.705020477089428
9.819639278557114,2.1118951726775173,1.6303768539479455,1.9687223095639808,2.7069279242989146
9.85303941215765,2.1131753656687846,1.6310881998865123,1.9696952585652736,2.708823372155454
9.886439545758183,2.1144501106695253,1.6317969964967167,1.9706631320220591,2.7107069469790717
9.919839679358718,2.11571947824519,1.6325032816326928,1.97162599766469,2.712578773644652
9.953239812959252,2.1169835378979096,1.6332070924568154,1.9725839221953414,2.714438975598677
9.986639946559787,2.118242358082701,1.6339084654525098,1.9735369713037998,2.716287674875764
10.020040080160323,2.1194960062234243,1.6346074364368226,1.9744852096830063,2.718124992115019
10.053440213760856,2.120744548728501,1.6353040405727617,1.975428701044364,2.7199510465761936
10.086840347361392,2.1219880510063893,1.6359983123814055,1.976367508132808,2.7217659561556578
10.120240480961924,2.1232265774808234,1.6366902857537888,1.9773016927416456,2.7235698374021866
10.153640614562459,2.1244601916058206,1.6373799939625697,1.9782313157271658,2.725362805532566
10.18704074816299,2.125688955880461,1.6380674696734774,1.979156437023028,2.7271449744470133
10.220440881763526,2.1269129318634397,1.63875274495655,1.9800771156544255,2.7289164567444217
10.25384101536406,2.128132180187399,1.6394358512971634,1.9809934097520345,2.7306773637374286
10.287241148964595,2.1293467605730396,1.6401168196068558,1.9819053765657473,2.7324278054673057
10.32064128256513,2.130556731843018,1.6407956802339525,1.982813072478194,2.73416789071868
10.354041416165664,2.1317621519356327,1.641472462973992,1.9837165530180574,2.735897727034083
10.3874415497662,2.1329630779183004,1.6421471970799608,1.9846158728731824,2.7376174207283306
10.420841683366733,2.1341595660008257,1.6428199112723365,1.9855110859034855,2.7393270769027342
10.454241816967267,2.1353516715484724,1.6434906337489477,1.9864022451536634,2.741026799459152
10.4876419505678,2.136539449094829,1.6441593921946474,1.9872894028657084,2.7427166911138734
10.521042084168336,2.1377229523544856,1.6448262137908112,1.9881726104912298,2.7443968534113417
10.55444221776887,2.13890223423551,1.6454911252246562,1.9890519187035887,2.7460673867377223
10.587842351369405,2.1400773468517404,1.6461541526983894,1.9899273774098418,2.7477283903343084
10.62124248496994,2.1412483415348835,1.6468153219381843,1.990799035762506,2.7493799623107735
10.654642618570474,2.1424152688464346,1.6474746582029942,1.9916669421711402,2.7510221996582693
10.68804275217101,2.1435781785894115,1.6481321862932,1.9925311443137483,2.752655198262375
10.721442885771543,2.144737119819912,1.6487879305590971,1.9933916891480095,2.75427905291589
10.754843019372078,2.145892140858492,1.6494419149092283,1.994248622922333,2.7558938573314853
10.78824315297261,2.1470432893013762,1.6500941628185588,1.9951019911867456,2.7574997041542026
10.821643286573146,2.14819061203149,1.6507446973365016,1.9959518388036088,2.7590966849738114
10.85504342017368,2.1493341552293272,1.651393541094793,1.996798209958175,2.760684890337022
10.888443553774215,2.1504739643836532,1.6520407163152244,1.9976411481689775,2.7622644097595566
10.92184368737475,2.151610084302043,1.6526862448172277,1.9984806962980655,2.7638353317380804
10.955243820975284,2.1527425591212577,1.6533301480253226,1.9993168965610757,2.765397743761995
10.988643954575819,2.153871432317465,1.6539724469764252,2.0001497905371552,2.7669517323250945
11.022044088176353,2.1549967467163014,1.6546131623270202,2.000979419178728,2.768497382937085
11.055444221776888,2.156118544502783,1.655252314360202,2.0018058228211117,2.7700347801349743
11.088844355377422,2.157236867231065,1.6558899229925836,2.00262904119199,2.7715640074943253
11.122244488977957,2.1583517558340497,1.6565260077810786,2.0034491134207344,2.773085147640381
11.155644622578489,2.159463250632852,1.6571605879295568,2.0042660780475856,2.77459828225906
11.189044756179024,2.1605713913461164,1.6577936822953774,2.0050799730326947,2.7761034921078247
11.22244488977956,2.1616762170991963,1.6584253093958,2.0058908357650225,2.7776008570264246
11.255845023380093,2.162777766433188,1.6590554874142776,2.0066987030711037,2.779090455947511
11.289245156980629,2.163876077313832,1.6596842342066327,2.0075036112236773,2.780572366907134
11.322645290581162,2.1649711871402757,1.6603115673071192,2.008305595950183,2.782046667055112
11.356045424181698,2.1660631327537017,1.6609375039343715,2.0091046924411273,2.7835134326652877
11.389445557782231,2.1671519504458296,1.6615620609972437,2.009900935358321,2.7849727391456582
11.422845691382767,2.1682376759672795,1.6621852551005407,2.0106943588429904,2.786424661048393
11.4562458249833,2.1693203445358167,1.662807102550643,2.0114849965237633,2.7878692720797322
11.489645958583834,2.1703999908444644,1.6634276193610271,2.0122728815245337,2.7893066451097717
11.52304609218437,2.1714766490694966,1.6640468212576836,2.0130580464722025,2.790736852182134
11.556446225784903,2.1725503528783072,1.664664723684435,2.0138405235043044,2.7921599645235293
11.589846359385438,2.173621135437158,1.6652813418081556,2.0146203442765107,2.793576052553202
11.623246492985972,2.174689029418812,1.6658966905238932,2.0153975399700244,2.7949851858922687
11.656646626586507,2.175754067010047,1.6665107844598974,2.016172141298855,2.796387433372951
11.690046760187041,2.176816279919055,1.6671236379825543,2.0169441785169853,2.7977828630476966
11.723446893787576,2.177875699382733,1.667735265201228,2.0177136814254277,2.7991715421981986
11.75684702738811,2.1789323561738536,1.6683456799730167,2.0184806793791705,2.8005535373443067
11.790247160988645,2.1799862806081367,1.6689548959074154,2.0192452012940194,2.801928914252838
11.823647294589177,2.1810375025512068,1.669562926370896,2.0200072756533314,2.8032977379462842
11.857047428189713,2.1820860514254443,1.6701697844914007,2.0207669305146485,2.8046600727114175
11.890447561790248,2.1831319562167364,1.670775483162753,2.0215241935162256,2.8060159821077972
11.923847695390782,2.18417524548112,1.6713800350489867,2.0222790918834623,2.807365528976178
11.957247828991317,2.1852159473513275,1.671983452588595,2.023031652435231,2.8087087754468207
11.99064796259185,2.1862540895432296,1.6725857479986992,2.023781901590114,2.810045782947705
12.024048096192386,2.1872896993621826,1.673186933279143,2.024529865372538,2.8113766122126496
12.057448229792918,2.1883228037092772,1.6737870202165082,2.0252755694188176,2.8127013232893363
12.090848363393453,2.18935342908749,1.6743860203880585,2.0260190389831085,2.8140199755472413
12.124248496993989,2.1903816016077475,1.6749839451656077,2.026760298943264,2.8153326276854744
12.15764863059452,2.1914073469948896,1.6755808057193182,2.0274993738066045,2.8166393377405297
12.191048764195056,2.1924306905935493,1.6761766130214282,2.0282362877156,2.8179401630939407
12.22444889779559,2.193451657373938,1.6767713778499096,2.028971064453459,2.8192351604798542
12.257849031396125,2.1944702719375435,1.6773651107920593,2.029703727449639,2.82052438599251
12.291249164996659,2.195486558522743,1.6779578222480225,2.0304342997852682,2.8218078950936376
12.324649298597194,2.1965005410103293,1.6785495224342522,2.031162804198484,2.8230857426197637
12.358049432197728,2.197512242928951,1.6791402213869027,2.03188926308969,2.82435798278944
12.391449565798263,2.198521687460473,1.6797299289651622,2.032613698526735,2.825624669210382
12.424849699398798,2.1995288974452527,1.6803186548545224,2.033336132250005,2.8268858548865285
12.458249832999332,2.2005338953873372,1.680906408569988,2.0340565856774453,2.8281415922250175
12.491649966599867,2.2015367034595807,1.6814931994592273,2.0347750799095006,2.829391933043082
12.5250501002004,2.202537343508683,1.6820790367056622,2.0354916357339814,2.8306369285748643
12.558450233800935,2.203535837060151,1.6826639293315044,2.0362062736308526,2.8318766294781548
12.591850367401468,2.2045322053231886,1.6832478862007316,2.0369190137769526,2.8331110858410486
12.625250501002004,2.205526469195507,1.683830916022012,2.037629876050635,2.834340347188527
12.658650634602537,2.2065186492680633,1.6844130273515718,2.038338880036346,2.8355644624889624
12.692050768203073,2.2075087658297274,1.684994228596012,2.039046045029124,2.8367834801605487
12.725450901803606,2.208496838871878,1.68557452801507,2.039751390039034,2.837997448077654
12.758851035404142,2.209482888092927,1.686153933724334,2.0404549337955333,2.8392064135771045
12.792251169004677,2.210466932902776,1.6867324536979036,2.041156694751771,2.8404104234643897
12.82565130260521,2.2114489924272056,1.6873100957710028,2.0418566910888174,2.8416095240198023
12.859051436205744,2.212429085512195,1.6878868676425438,2.042554940719835,2.8428037610045003
12.892451569806278,2.2134072307281785,1.6884627768776446,2.0432514612941803,2.8439931796665032
12.925851703406813,2.2143834463742373,1.6890378309100984,2.043946270201443,2.845177824746618
12.959251837007347,2.2153577504822235,1.6896120370447978,2.044639384575426,2.846357740484294
12.992651970607882,2.216330160820826,1.6901854024601155,2.0453308212980614,2.8475329706234134
13.026052104208416,2.2173006948995724,1.6907579342102377,2.0460205970032677,2.8487035584180114
13.059452237808951,2.2182693699727674,1.6913296392274575,2.046708728080747,2.8498695466379322
13.092852371409487,2.2192362030433754,1.6919005243244243,2.0473952306797254,2.8510309775744194
13.12625250501002,2.220201210866843,1.6924705961963515,2.048080120712633,2.8521878930456395
13.159652638610556,2.221164409954858,1.6930398614231834,2.048763413858731,2.853340334402143
13.193052772211088,2.2221258165790596,1.6936083264717223,2.04944512556768,2.8544883425322625
13.226452905811623,2.2230854467746863,1.694175997697716,2.050125271063056,2.855631957867447
13.259853039412157,2.2240433163441686,1.6947428813479064,2.050803865345808,2.856771220387536
13.293253173012692,2.2249994408606675,1.6953089835620405,2.0514809231976696,2.8579061696259696
13.326653306613226,2.2259538356715614,1.6958743103748437,2.052156459184511,2.8590368446749412
13.360053440213761,2.2269065159018764,1.696438867717957,2.052830487659644,2.8601632841904894
13.393453573814297,2.2278574964576654,1.6970026614218379,2.053503022767075,2.8612855263975305
13.42685370741483,2.2288067920293373,1.6975656972176272,2.054174078444707,2.862403609094832
13.460253841015366,2.229754417094932,1.698127980738979,2.0548436684274938,2.86351756965993
13.4936539746159,2.2307003859233494,1.698689517523859,2.0555118062505446,2.8646274450539897
13.527054108216435,2.2316447125775265,1.699250313016308,2.056178505252182,2.865733271826606
13.560454241816966,2.2325874109175667,1.6998103725681741,2.0568437785769516,2.8668350861205556
13.593854375417502,2.2335284946038216,1.7003697014408115,2.0575076391785894,2.8679329236764843
13.627254509018035,2.2344679770999263,1.700928304806748,2.058170099822935,2.8690268198375506
13.66065464261857,2.2354058716757867,1.7014861877513232,2.05883117309081,2.870116809554005
13.694054776219106,2.236342191410523,1.7020433552742937,2.059490871380847,2.871202927387726
13.72745490981964,2.237276949195368,1.7025998122914114,2.060149206912272,2.8722852075166942
13.760855043420175,2.238210157736521,1.7031555636359699,2.060806191727654,2.8733636837394227
13.794255177020709,2.2391418295579557,1.7037106140603238,2.0614618376956013,2.874438389479331
13.827655310621244,2.2400719770041913,1.7042649682373798,2.062116156513423,2.87550935778907
13.861055444221778,2.241000612243015,1.7048186307620603,2.0627691597097484,2.8765766213547965
13.89445557782231,2.2419277472681665,1.7053716061527389,2.063420858647105,2.8776402125003995
13.927855711422843,2.2428533939019815,1.7059238988526502,2.0640712645244563,2.878700163191674
13.961255845023379,2.2437775637979915,1.7064755132312732,2.0647203883797047,2.879756505040452
13.994655978623914,2.244700268443491,1.7070264535856887,2.065368241092151,2.880809269308677
14.028056112224448,2.2456215191620568,1.7075767241419126,2.0660148333849184,2.8818584869124413
14.061456245824983,2.246541327116035,1.7081263290562034,2.0666601758273395,2.8829041884259707
14.094856379425517,2.2474597033089885,1.708675272416346,2.0673042788373057,2.883946404085564
14.128256513026052,2.2483766585881066,1.7092235582429116,2.067947152683582,2.8849851637934854
14.161656646626586,2.249292203646579,1.7097711904904944,2.068588807488084,2.8860204971218146
14.195056780227121,2.2502063490259303,1.7103181730489254,2.0692292532281207,2.887052433316251
14.228456913827653,2.2511191051183252,1.7108645097444632,2.069868499738606,2.888081001299873
14.261857047428188,2.252030482168832,1.7114102043409636,2.070506556714231,2.8891062296768566
14.295257181028724,2.252940490277654,1.7119552605410266,2.0711434337116064,2.8901281467361444
14.328657314629258,2.25384913940233,1.7124996819871232,2.07177914015137,2.891146780455082
14.362057448229793,2.2547564393598947,1.7130434722627004,2.072413685320264,2.8921621585030013
14.395457581830327,2.255662399829014,1.713586634893266,2.0730470783731803,2.893174308244772
14.428857715430862,2.256567030352081,1.7141291733474537,2.073679328335169,2.8941832567443058
14.462257849031396,2.2574703403372824,1.7146710910380687,2.074310444103426,2.8951890307680204
14.495657982631931,2.2583723390606356,1.7152123913231114,2.0749404344492404,2.896191656788267
14.529058116232465,2.259273035667992,1.7157530775067864,2.0755693080199173,2.8971911609867145
14.562458249832998,2.2601724391770097,1.7162931528404894,2.0761970733406696,2.898187569257696
14.595858383433534,2.261070558479098,1.7168326205237774,2.076823738816482,2.8991809072115178
14.629258517034067,2.261967402341332,1.71737148370532,2.0774493127339424,2.900171200177725
14.662658650634603,2.262862979408335,1.7179097454838343,2.078073803263052,2.901158473208336
14.696058784235136,2.263757298204136,1.7184474089090012,2.0786972184590007,2.9021427510810356
14.729458917835672,2.264650367133997,1.718984476982365,2.0793195662639192,2.90312405830233
14.762859051436205,2.2655421944862137,1.7195209526582182,2.079940854508603,2.9041024191106697
14.79625918503674,2.266432788433886,1.7200568388444666,2.0805610909142103,2.905077857479531
14.829659318637274,2.267322157036665,1.7205921384034806,2.081180283093933,2.9060503971204663
14.86305945223781,2.2682103082424705,1.7211268541529308,2.081798438554643,2.907020061486117
14.896459585838345,2.269097249889184,1.721660988866607,2.0824155646985134,2.9079868737731887
14.929859719438877,2.2699829897063153,1.7221945452752232,2.083031668824613,2.908950856925398
14.963259853039412,2.2708675353166448,1.7227275260672064,2.0836467581304787,2.90991203363638
14.996659986639946,2.271750894237837,1.723259933889472,2.0842608397136613,2.9108704263525658
15.030060120240481,2.272633073884036,1.7237917713481845,2.0848739205732505,2.911826057276023
15.063460253841015,2.2735140815674297,1.724323041009503,2.0854860076113737,2.912778948367266
15.09686038744155,2.2743939244997944,1.7248537454003148,2.086097107634673,2.913729121348033
15.130260521042084,2.2752726097940146,1.7253838870089542,2.0867072273557596,2.9146765977040303
15.16366065464262,2.27615014446558,1.7259134682859083,2.087316373394646,2.9156213986876454
15.197060788243155,2.277026535434059,1.7264424916445094,2.0879245522801546,2.9165635453206282
15.230460921843688,2.2779017895245506,1.726970959461615,2.088531770451308,2.9175030583967416
15.263861055444222,2.278775913469113,1.7274988740782753,2.0891380342586934,2.918439958484382
15.297261189044756,2.279648913908172,1.7280262378003872,2.089743349965812,2.9193742659291666
15.330661322645291,2.2805207973919077,1.728553052899339,2.090347723750399,2.920306000856494
15.364061456245825,2.2813915703816168,1.7290793216126388,2.090951161705735,2.921235183174075
15.39746158984636,2.282261239251059,1.7296050461445356,2.0915536698419244,2.9221618325744294
15.430861723446894,2.2831298102877806,1.7301302286666267,2.0921552540871655,2.9230859685373622
15.464261857047429,2.2839972896944167,1.7306548713184529,2.0927559202889943,2.924007610332402
15.497661990647964,2.284863683589976,1.7311789762080854,2.09335567421551,2.924926777021218
15.531062124248498,2.2857289980111037,1.7317025454126997,2.0939545215565833,2.925843487460005
15.564462257849033,2.286593238913327,1.7322255809791403,2.094552467925048,2.9267577603018435
15.597862391449565,2.2874564121722827,1.7327480849244727,2.0951495188578684,2.92766961399903
15.6312625250501,2.2883185235849197,1.7332700592365282,2.095745679817294,2.9285790668053835
15.664662658650634,2.2891795788706917,1.7337915058744364,2.0963409561919946,2.9294861367785194
15.69806279225117,2.2900395836727263,1.734312426769148,2.0969353532981785,2.930390841782105
15.731462925851703,2.2908985435589777,1.7348328238239503,2.0975288763806916,2.931293199488082
15.764863059452237,2.291756464023362,1.735352698914969,2.0981215306141032,2.9321932273788684
15.798263193052772,2.2926133504868758,1.7358720538916643,2.0987133211037707,2.9330909427495295
15.831663326653306,2.293469208298695,1.7363908905773167,2.0993042528868924,2.9339863627099296
15.865063460253841,2.294324042737262,1.7369092107695026,2.0998943309335414,2.934879504186855
15.898463593854375,2.2951778590113503,1.7374270162405636,2.100483560147684,2.935770383926112
15.931863727454909,2.296030662261116,1.7379443087380644,2.101071945368183,2.9366590184946038
15.965263861055442,2.296882457559135,1.738461089985244,2.101659491369785,2.9375454242823804
15.998663994655978,2.2977332499114205,1.738977361681458,2.1022462028640936,2.938429617504667
16.03206412825651,2.2985830442584287,1.739493125502612,2.1028320845005255,2.9393116142038664
16.06546426185705,2.2994318454760454,1.7400083831015896,2.1034171408672555,2.9401914302515397
16.098864395457582,2.300279658376561,1.7405231361086682,2.1040013764921426,2.9410690813503644
16.132264529058116,2.301126487709629,1.7410373861319313,2.104584795843646,2.9419445830360704
16.16566466265865,2.301972338163209,1.7415511347576706,2.1051674033317243,2.9428179506793497
16.199064796259183,2.3028172143644965,1.7420643835507814,2.1057492033087213,2.943689199487749
16.23246492985972,2.303661120880841,1.742577134055151,2.1063302000702393,2.944558344507538
16.265865063460254,2.3045040622206443,1.7430893877940392,2.1069103978559993,2.9454254006255547
16.299265197060787,2.3053460428342496,1.7436011462704524,2.107489800850684,2.9462903825710334
16.33266533066132,2.3061870671148172,1.7441124109675104,2.1080684131847747,2.9471533049174057
16.366065464261858,2.307027139399183,1.7446231833488073,2.1086462389353686,2.948014182084087
16.39946559786239,2.307866263968707,1.7451334648587635,2.1092232821269885,2.948873028338238
16.432865731462925,2.3087044450501097,1.7456432569229738,2.1097995467323765,2.9497298577965054
16.46626586506346,2.309541686816293,1.7461525609485482,2.110375036673279,2.950584684426748
16.499665998663993,2.31037799338715,1.7466613783244447,2.110949755821215,2.9514375220497344
16.53306613226453,2.311213368830363,1.7471697104217985,2.111523707998238,2.9522883843408283
16.566466265865063,2.312047817162188,1.7476775585942437,2.1120968969776825,2.953137284831651
16.599866399465597,2.3128813423482275,1.748184924178229,2.1126693264849004,2.9539842369117255
16.63326653306613,2.313713948304193,1.7486918084933287,2.1132410001979847,2.954829253830099
16.666666666666668,2.314545638896654,1.7491982128425458,2.113811921748484,2.955672348696952
